x0,x1,time,det_fi,log_det,sensitivity_y
"tf.Tensor(0.0, shape=(), dtype=float32)","tf.Tensor(0.0, shape=(), dtype=float32)",0.001,0.0,inf,[0. 0. 0. 0. 0.]
"tf.Tensor(0.0, shape=(), dtype=float32)","tf.Tensor(0.0, shape=(), dtype=float32)",0.002,0.0,inf,[0. 0. 0. 0. 0.]
"tf.Tensor(0.0, shape=(), dtype=float32)","tf.Tensor(0.0, shape=(), dtype=float32)",0.003,0.0,inf,[0. 0. 0. 0. 0.]
"tf.Tensor(0.0, shape=(), dtype=float32)","tf.Tensor(0.0, shape=(), dtype=float32)",0.004,0.0,inf,[0. 0. 0. 0. 0.]
"tf.Tensor(0.0, shape=(), dtype=float32)","tf.Tensor(0.0, shape=(), dtype=float32)",0.005,0.0,inf,[0. 0. 0. 0. 0.]
"tf.Tensor(0.0, shape=(), dtype=float32)","tf.Tensor(0.0, shape=(), dtype=float32)",0.006,0.0,inf,[0. 0. 0. 0. 0.]
"tf.Tensor(0.0, shape=(), dtype=float32)","tf.Tensor(0.0, shape=(), dtype=float32)",0.007,0.0,inf,[0. 0. 0. 0. 0.]
"tf.Tensor(0.0, shape=(), dtype=float32)","tf.Tensor(0.0, shape=(), dtype=float32)",0.008,0.0,inf,[0. 0. 0. 0. 0.]
"tf.Tensor(0.0, shape=(), dtype=float32)","tf.Tensor(0.0, shape=(), dtype=float32)",0.009000000000000001,0.0,inf,[0. 0. 0. 0. 0.]
"tf.Tensor(0.0, shape=(), dtype=float32)","tf.Tensor(0.0, shape=(), dtype=float32)",0.01,0.0,inf,[0. 0. 0. 0. 0.]
"tf.Tensor(0.0, shape=(), dtype=float32)","tf.Tensor(0.0, shape=(), dtype=float32)",0.011,0.0,inf,[0. 0. 0. 0. 0.]
"tf.Tensor(0.0, shape=(), dtype=float32)","tf.Tensor(0.0, shape=(), dtype=float32)",0.012,0.0,inf,[0. 0. 0. 0. 0.]
"tf.Tensor(0.0, shape=(), dtype=float32)","tf.Tensor(0.0, shape=(), dtype=float32)",0.013000000000000001,0.0,inf,[0. 0. 0. 0. 0.]
"tf.Tensor(0.0, shape=(), dtype=float32)","tf.Tensor(0.0, shape=(), dtype=float32)",0.014,0.0,inf,[0. 0. 0. 0. 0.]
"tf.Tensor(0.0, shape=(), dtype=float32)","tf.Tensor(0.0, shape=(), dtype=float32)",0.015,0.0,inf,[0. 0. 0. 0. 0.]
"tf.Tensor(0.0, shape=(), dtype=float32)","tf.Tensor(0.0, shape=(), dtype=float32)",0.016,0.0,inf,[0. 0. 0. 0. 0.]
"tf.Tensor(0.0, shape=(), dtype=float32)","tf.Tensor(0.0, shape=(), dtype=float32)",0.017,0.0,inf,[0. 0. 0. 0. 0.]
"tf.Tensor(0.0, shape=(), dtype=float32)","tf.Tensor(0.0, shape=(), dtype=float32)",0.018000000000000002,0.0,inf,[0. 0. 0. 0. 0.]
"tf.Tensor(0.0, shape=(), dtype=float32)","tf.Tensor(0.0, shape=(), dtype=float32)",0.019,0.0,inf,[0. 0. 0. 0. 0.]
"tf.Tensor(0.0, shape=(), dtype=float32)","tf.Tensor(0.0, shape=(), dtype=float32)",0.02,0.0,inf,[0. 0. 0. 0. 0.]
"tf.Tensor(0.0, shape=(), dtype=float32)","tf.Tensor(0.0, shape=(), dtype=float32)",0.021,0.0,inf,[0. 0. 0. 0. 0.]
"tf.Tensor(0.0, shape=(), dtype=float32)","tf.Tensor(0.0, shape=(), dtype=float32)",0.022,0.0,inf,[0. 0. 0. 0. 0.]
"tf.Tensor(0.0, shape=(), dtype=float32)","tf.Tensor(0.0, shape=(), dtype=float32)",0.023,0.0,inf,[0. 0. 0. 0. 0.]
"tf.Tensor(0.0, shape=(), dtype=float32)","tf.Tensor(0.0, shape=(), dtype=float32)",0.024,0.0,inf,[0. 0. 0. 0. 0.]
"tf.Tensor(0.0, shape=(), dtype=float32)","tf.Tensor(0.0, shape=(), dtype=float32)",0.025,0.0,inf,[0. 0. 0. 0. 0.]
"tf.Tensor(0.0, shape=(), dtype=float32)","tf.Tensor(0.0, shape=(), dtype=float32)",0.026000000000000002,0.0,inf,[0. 0. 0. 0. 0.]
"tf.Tensor(0.0, shape=(), dtype=float32)","tf.Tensor(0.0, shape=(), dtype=float32)",0.027,0.0,inf,[0. 0. 0. 0. 0.]
"tf.Tensor(0.0, shape=(), dtype=float32)","tf.Tensor(0.0, shape=(), dtype=float32)",0.028,0.0,inf,[0. 0. 0. 0. 0.]
"tf.Tensor(0.0, shape=(), dtype=float32)","tf.Tensor(0.0, shape=(), dtype=float32)",0.029,0.0,inf,[0. 0. 0. 0. 0.]
"tf.Tensor(0.0, shape=(), dtype=float32)","tf.Tensor(0.0, shape=(), dtype=float32)",0.03,0.0,inf,[0. 0. 0. 0. 0.]
"tf.Tensor(0.0, shape=(), dtype=float32)","tf.Tensor(0.0, shape=(), dtype=float32)",0.031,0.0,inf,[0. 0. 0. 0. 0.]
"tf.Tensor(0.0, shape=(), dtype=float32)","tf.Tensor(0.0, shape=(), dtype=float32)",0.032,0.0,inf,[0. 0. 0. 0. 0.]
"tf.Tensor(0.0, shape=(), dtype=float32)","tf.Tensor(0.0, shape=(), dtype=float32)",0.033,0.0,inf,[0. 0. 0. 0. 0.]
"tf.Tensor(0.0, shape=(), dtype=float32)","tf.Tensor(0.0, shape=(), dtype=float32)",0.034,0.0,inf,[0. 0. 0. 0. 0.]
"tf.Tensor(0.0, shape=(), dtype=float32)","tf.Tensor(0.0, shape=(), dtype=float32)",0.035,0.0,inf,[0. 0. 0. 0. 0.]
"tf.Tensor(0.0, shape=(), dtype=float32)","tf.Tensor(0.0, shape=(), dtype=float32)",0.036000000000000004,0.0,inf,[0. 0. 0. 0. 0.]
"tf.Tensor(0.0, shape=(), dtype=float32)","tf.Tensor(0.00078489905, shape=(), dtype=float32)",0.037,0.0,inf,[0. 0. 0. 0. 0.]
"tf.Tensor(7.848991e-07, shape=(), dtype=float32)","tf.Tensor(0.1359343, shape=(), dtype=float32)",0.038,0.0,inf,[ 0.00269476  0.          0.          0.         -0.00269398]
"tf.Tensor(0.0001367192, shape=(), dtype=float32)","tf.Tensor(0.40728757, shape=(), dtype=float32)",0.039,0.0,inf,"[ 8.21865649e-03 -7.38771996e-11  0.00000000e+00  0.00000000e+00
 -8.08193774e-03]"
"tf.Tensor(0.0005440068, shape=(), dtype=float32)","tf.Tensor(0.8165366, shape=(), dtype=float32)",0.04,0.0,inf,"[ 1.67076280e-02 -1.30162016e-08  0.00000000e+00  0.00000000e+00
 -1.61636219e-02]"
"tf.Tensor(0.0013605435, shape=(), dtype=float32)","tf.Tensor(1.8127427, shape=(), dtype=float32)",0.041,1.0729848210870235e-61,140.3872463553259,"[ 2.82594127e-02 -7.71017114e-08 -2.24264697e-03 -3.81427121e-06
 -2.42067936e-02]"
"tf.Tensor(0.0031732863, shape=(), dtype=float32)","tf.Tensor(2.945127, shape=(), dtype=float32)",0.042,2.3088931178680148e-45,102.77956094479097,"[ 4.29983817e-02 -2.68945307e-07 -6.71746489e-03 -1.60785546e-05
 -3.22108720e-02]"
"tf.Tensor(0.0061184135, shape=(), dtype=float32)","tf.Tensor(4.214252, shape=(), dtype=float32)",0.043000000000000003,5.847190305225965e-42,94.94261264958716,"[ 6.10494682e-02 -7.58565318e-07 -1.34138156e-02 -4.20427031e-05
 -4.01752826e-02]"
"tf.Tensor(0.010332666, shape=(), dtype=float32)","tf.Tensor(5.620524, shape=(), dtype=float32)",0.044,1.6086180963679474e-39,89.32544314158073,"[ 8.25380138e-02 -1.82175738e-06 -2.23209004e-02 -8.75700036e-05
 -4.80994575e-02]"
"tf.Tensor(0.01595319, shape=(), dtype=float32)","tf.Tensor(7.1641927, shape=(), dtype=float32)",0.045,1.3988549380378109e-37,84.85999444022389,"[ 1.07589615e-01 -3.85245494e-06 -3.34277622e-02 -1.59135719e-04
 -5.59828350e-02]"
"tf.Tensor(0.023117384, shape=(), dtype=float32)","tf.Tensor(8.845352, shape=(), dtype=float32)",0.046,5.961998713027292e-36,81.10765756839237,"[ 1.36329968e-01 -7.37506017e-06 -4.67232867e-02 -2.63824843e-04
 -6.38248596e-02]"
"tf.Tensor(0.031962737, shape=(), dtype=float32)","tf.Tensor(10.663939, shape=(), dtype=float32)",0.047,1.5414483279077215e-34,77.855170714672,"[ 1.68884714e-01 -1.30567293e-05 -6.21962048e-02 -4.09329074e-04
 -7.16249827e-02]"
"tf.Tensor(0.04262668, shape=(), dtype=float32)","tf.Tensor(12.619735, shape=(), dtype=float32)",0.048,2.7370811149458606e-33,74.97841600274062,"[ 2.05379286e-01 -2.17195982e-05 -7.98350938e-02 -6.03943033e-04
 -7.93826619e-02]"
"tf.Tensor(0.055246413, shape=(), dtype=float32)","tf.Tensor(14.712361, shape=(), dtype=float32)",0.049,3.615357460626416e-32,72.39753224247971,"[ 2.45938750e-01 -3.43529303e-05 -9.96283795e-02 -8.56559686e-04
 -8.70973611e-02]"
"tf.Tensor(0.069958776, shape=(), dtype=float32)","tf.Tensor(16.941288, shape=(), dtype=float32)",0.05,3.75266493263195e-31,70.05767164652246,"[ 2.90687655e-01 -5.21251721e-05 -1.21564338e-01 -1.17666501e-03
 -9.47685511e-02]"
"tf.Tensor(0.08690006, shape=(), dtype=float32)","tf.Tensor(19.305826, shape=(), dtype=float32)",0.051000000000000004,3.184469962797949e-30,67.91926693134998,"[ 3.39749876e-01 -7.63959040e-05 -1.45631097e-01 -1.57433192e-03
 -1.02395709e-01]"
"tf.Tensor(0.10620589, shape=(), dtype=float32)","tf.Tensor(21.805132, shape=(), dtype=float32)",0.052000000000000005,2.2761928119394788e-29,65.95246346888798,"[ 3.93248459e-01 -1.08727665e-04 -1.71816638e-01 -2.06021339e-03
 -1.09978318e-01]"
"tf.Tensor(0.12801102, shape=(), dtype=float32)","tf.Tensor(24.438208, shape=(), dtype=float32)",0.053,1.403371493403222e-28,64.13350505272795,"[ 4.51305471e-01 -1.50897640e-04 -2.00108799e-01 -2.64553486e-03
 -1.17515869e-01]"
"tf.Tensor(0.15244922, shape=(), dtype=float32)","tf.Tensor(27.203903, shape=(), dtype=float32)",0.054,7.617169676938582e-28,62.44197773660585,"[ 5.14041846e-01 -2.04909197e-04 -2.30495274e-01 -3.34208595e-03
 -1.25007859e-01]"
"tf.Tensor(0.17965312, shape=(), dtype=float32)","tf.Tensor(30.100914, shape=(), dtype=float32)",0.055,3.7118641966877225e-27,60.858263281528565,"[ 5.81577231e-01 -2.73003255e-04 -2.62963618e-01 -4.16221130e-03
 -1.32453790e-01]"
"tf.Tensor(0.20975403, shape=(), dtype=float32)","tf.Tensor(33.127785, shape=(), dtype=float32)",0.056,1.6591868469104246e-26,59.36088478675184,"[ 6.54029840e-01 -3.57669462e-04 -2.97501245e-01 -5.11880084e-03
 -1.39853173e-01]"
"tf.Tensor(0.24288182, shape=(), dtype=float32)","tf.Tensor(36.282917, shape=(), dtype=float32)",0.057,6.980378691677571e-26,57.92410924872059,"[ 7.31516301e-01 -4.61657191e-04 -3.34095433e-01 -6.22527929e-03
 -1.47205525e-01]"
"tf.Tensor(0.27916473, shape=(), dtype=float32)","tf.Tensor(39.564552, shape=(), dtype=float32)",0.058,2.8491003054235278e-25,56.517624062716266,"[ 8.14151510e-01 -5.87986309e-04 -3.72733325e-01 -7.49559495e-03
 -1.54510368e-01]"
"tf.Tensor(0.31872928, shape=(), dtype=float32)","tf.Tensor(42.9708, shape=(), dtype=float32)",0.059000000000000004,1.1625587841700094e-24,55.111418807628226,"[ 9.02048487e-01 -7.39957728e-04 -4.13401929e-01 -8.94420778e-03
 -1.61767233e-01]"
"tf.Tensor(0.3617001, shape=(), dtype=float32)","tf.Tensor(46.499607, shape=(), dtype=float32)",0.06,4.834825652680052e-24,53.68619716302701,"[ 9.95318227e-01 -9.21163717e-04 -4.56088123e-01 -1.05860769e-02
 -1.68975656e-01]"
"tf.Tensor(0.4081997, shape=(), dtype=float32)","tf.Tensor(50.148796, shape=(), dtype=float32)",0.061,2.0503475433059678e-23,52.2414478267619,[ 1.09406956 -0.0011355  -0.50077865 -0.01243665 -0.17613518]
"tf.Tensor(0.4583485, shape=(), dtype=float32)","tf.Tensor(53.916042, shape=(), dtype=float32)",0.062,8.73436520980429e-23,50.792191869949335,[ 1.19840901 -0.00138717 -0.54746014 -0.01451184 -0.18324536]
"tf.Tensor(0.51226455, shape=(), dtype=float32)","tf.Tensor(57.798878, shape=(), dtype=float32)",0.063,3.665282347809403e-22,49.35796667453201,[ 1.30844065 -0.00168069 -0.59611908 -0.01682802 -0.19030574]
"tf.Tensor(0.5700634, shape=(), dtype=float32)","tf.Tensor(61.794704, shape=(), dtype=float32)",0.064,1.491653176355907e-21,47.954401933640895,[ 1.42426599 -0.00202093 -0.64674183 -0.01940201 -0.19731589]
"tf.Tensor(0.6318581, shape=(), dtype=float32)","tf.Tensor(65.90079, shape=(), dtype=float32)",0.065,5.8323519629609715e-21,46.59086660968766,[ 1.54598381 -0.00241308 -0.69931465 -0.02225105 -0.20427539]
"tf.Tensor(0.6977589, shape=(), dtype=float32)","tf.Tensor(70.114265, shape=(), dtype=float32)",0.066,2.1817359321196653e-20,45.271581000820404,[ 1.67369004 -0.00286268 -0.75382367 -0.0253928  -0.21118381]
"tf.Tensor(0.76787317, shape=(), dtype=float32)","tf.Tensor(74.43215, shape=(), dtype=float32)",0.067,7.800931127373855e-20,43.99745875800569,[ 1.80747764 -0.00337563 -0.81025488 -0.0288453  -0.21804072]
"tf.Tensor(0.8423053, shape=(), dtype=float32)","tf.Tensor(78.851326, shape=(), dtype=float32)",0.068,2.6685967548203074e-19,42.767563992622165,[ 1.94743649 -0.00395818 -0.86859418 -0.03262698 -0.22484573]
"tf.Tensor(0.92115664, shape=(), dtype=float32)","tf.Tensor(83.36855, shape=(), dtype=float32)",0.069,8.750200669867177e-19,41.58004013308121,[ 2.09365321 -0.00461698 -0.92882734 -0.03675661 -0.23159843]
"tf.Tensor(1.0045252, shape=(), dtype=float32)","tf.Tensor(87.98048, shape=(), dtype=float32)",0.07,2.756296263173714e-18,40.43264382899574,[ 2.24621111 -0.00535903 -0.99094003 -0.04125332 -0.23829842]
"tf.Tensor(1.0925057, shape=(), dtype=float32)","tf.Tensor(92.683624, shape=(), dtype=float32)",0.07100000000000001,8.360328893028768e-18,39.323033906298676,[ 2.40519002 -0.00619173 -1.0549178  -0.04613655 -0.24494531]
"tf.Tensor(1.1851894, shape=(), dtype=float32)","tf.Tensor(97.47442, shape=(), dtype=float32)",0.07200000000000001,2.4474053959862938e-17,38.24891813954862,[ 2.57066619 -0.00712286 -1.12074608 -0.05142604 -0.25153873]
"tf.Tensor(1.2826638, shape=(), dtype=float32)","tf.Tensor(102.34917, shape=(), dtype=float32)",0.073,6.929734731992192e-17,37.2081250466414,[ 2.74271222 -0.00816062 -1.18841022 -0.0571418  -0.25807829]
"tf.Tensor(1.385013, shape=(), dtype=float32)","tf.Tensor(107.30407, shape=(), dtype=float32)",0.074,1.9016660945293318e-16,36.19863109411985,[ 2.9213969  -0.00931359 -1.25789544 -0.06330412 -0.26456363]
"tf.Tensor(1.4923171, shape=(), dtype=float32)","tf.Tensor(112.335236, shape=(), dtype=float32)",0.075,5.067223522866804e-16,35.21856844893084,[ 3.10678511 -0.01059076 -1.32918686 -0.06993353 -0.27099438]
"tf.Tensor(1.6046523, shape=(), dtype=float32)","tf.Tensor(117.43867, shape=(), dtype=float32)",0.076,1.3133169871589381e-15,34.26622040667209,[ 3.29893778 -0.01200155 -1.40226951 -0.07705076 -0.27737019]
"tf.Tensor(1.722091, shape=(), dtype=float32)","tf.Tensor(122.61028, shape=(), dtype=float32)",0.077,3.316019982260816e-15,33.34001113164228,[ 3.49791172 -0.01355579 -1.47712831 -0.08467675 -0.28369071]
"tf.Tensor(1.8447013, shape=(), dtype=float32)","tf.Tensor(127.84591, shape=(), dtype=float32)",0.078,8.168468044197068e-15,32.43849501351115,[ 3.70375957 -0.01526373 -1.55374809 -0.09283262 -0.2899556 ]
"tf.Tensor(1.9725472, shape=(), dtype=float32)","tf.Tensor(133.14128, shape=(), dtype=float32)",0.079,1.965696838153377e-14,31.560344494445562,[ 3.91652973 -0.01713605 -1.63211356 -0.10153962 -0.29616452]
"tf.Tensor(2.1056886, shape=(), dtype=float32)","tf.Tensor(138.49207, shape=(), dtype=float32)",0.08,4.626741230284975e-14,30.704338519580123,[ 4.13626622 -0.01918384 -1.71220938 -0.11081914 -0.30231714]
"tf.Tensor(2.2441807, shape=(), dtype=float32)","tf.Tensor(143.89383, shape=(), dtype=float32)",0.081,1.0663631631337244e-13,29.869352262834795,[ 4.36300865 -0.02141865 -1.79402007 -0.1206927  -0.30841315]
"tf.Tensor(2.3880744, shape=(), dtype=float32)","tf.Tensor(149.3421, shape=(), dtype=float32)",0.082,2.4091137218361936e-13,29.054347279332184,[ 4.59679214 -0.02385245 -1.87753009 -0.13118188 -0.31445223]
"tf.Tensor(2.5374165, shape=(), dtype=float32)","tf.Tensor(154.83232, shape=(), dtype=float32)",0.083,5.340091534994629e-13,28.25836341471264,[ 4.83764722 -0.02649763 -1.96272379 -0.14230831 -0.32043407]
"tf.Tensor(2.6922488, shape=(), dtype=float32)","tf.Tensor(160.35986, shape=(), dtype=float32)",0.084,1.162426914552368e-12,27.48051112862779,[ 5.08559978 -0.02936704 -2.04958547 -0.15409369 -0.32635837]
"tf.Tensor(2.8526087, shape=(), dtype=float32)","tf.Tensor(165.92006, shape=(), dtype=float32)",0.085,2.486949898405234e-12,26.719964096704157,[ 5.34067105 -0.03247395 -2.13809929 -0.16655971 -0.33222483]
"tf.Tensor(3.0185287, shape=(), dtype=float32)","tf.Tensor(171.50818, shape=(), dtype=float32)",0.08600000000000001,5.233433518091242e-12,25.975953548841318,[ 5.60287746 -0.03583209 -2.22824938 -0.17972805 -0.33803318]
"tf.Tensor(3.1900368, shape=(), dtype=float32)","tf.Tensor(177.11943, shape=(), dtype=float32)",0.08700000000000001,1.0840160930063389e-11,25.24776327408044,[ 5.87223067 -0.03945559 -2.32001975 -0.19362036 -0.34378312]
"tf.Tensor(3.3671563, shape=(), dtype=float32)","tf.Tensor(182.749, shape=(), dtype=float32)",0.088,2.211589641430276e-11,24.534724471208506,[ 6.14873748 -0.04335906 -2.41339436 -0.20825824 -0.34947438]
"tf.Tensor(3.5499053, shape=(), dtype=float32)","tf.Tensor(188.39201, shape=(), dtype=float32)",0.089,4.446976231930774e-11,23.836211656162575,[ 6.43239976 -0.0475575  -2.50835706 -0.22366318 -0.3551067 ]
"tf.Tensor(3.7382972, shape=(), dtype=float32)","tf.Tensor(194.04358, shape=(), dtype=float32)",0.09,8.818017945490555e-11,23.151638900903237,[ 6.72321451 -0.05206638 -2.60489166 -0.2398566  -0.36067982]
"tf.Tensor(3.9323409, shape=(), dtype=float32)","tf.Tensor(199.69876, shape=(), dtype=float32)",0.091,1.7252887812489164e-10,22.480456484048865,[ 7.02117371 -0.05690157 -2.70298187 -0.25685975 -0.36619348]
"tf.Tensor(4.1320395, shape=(), dtype=float32)","tf.Tensor(205.35262, shape=(), dtype=float32)",0.092,3.33243435454123e-10,21.82214785562602,[ 7.32626438 -0.06207941 -2.80261134 -0.27469375 -0.37164743]
"tf.Tensor(4.3373923, shape=(), dtype=float32)","tf.Tensor(211.00017, shape=(), dtype=float32)",0.093,6.357428473501487e-10,21.176226962416862,[ 7.6384685  -0.06761662 -2.90376365 -0.29337952 -0.37704144]
"tf.Tensor(4.5483923, shape=(), dtype=float32)","tf.Tensor(216.63643, shape=(), dtype=float32)",0.094,1.1984511661915856e-09,20.5422358086568,[ 7.95776303 -0.07353038 -3.0064223  -0.31293779 -0.38237528]
"tf.Tensor(4.765029, shape=(), dtype=float32)","tf.Tensor(222.2564, shape=(), dtype=float32)",0.095,2.233396533371931e-09,19.91974230109325,[ 8.28411989 -0.07983825 -3.11057074 -0.33338906 -0.3876487 ]
"tf.Tensor(4.987285, shape=(), dtype=float32)","tf.Tensor(227.85506, shape=(), dtype=float32)",0.096,4.116188275708604e-09,19.30833827762314,[ 8.61750591 -0.08655824 -3.21619235 -0.35475356 -0.39286151]
"tf.Tensor(5.2151403, shape=(), dtype=float32)","tf.Tensor(233.42743, shape=(), dtype=float32)",0.097,7.505439735128036e-09,18.707637781288568,[ 8.95788291 -0.09370874 -3.32327043 -0.37705125 -0.39801348]
"tf.Tensor(5.448568, shape=(), dtype=float32)","tf.Tensor(238.9685, shape=(), dtype=float32)",0.098,1.3544634072832271e-08,18.117275377438197,[ 9.30520761 -0.10130856 -3.43178826 -0.40030181 -0.4031044 ]
"tf.Tensor(5.6875362, shape=(), dtype=float32)","tf.Tensor(244.47328, shape=(), dtype=float32)",0.099,2.4200203805891766e-08,17.53690478208817,[ 9.6594317  -0.10937689 -3.54172902 -0.42452455 -0.40813408]
"tf.Tensor(5.9320097, shape=(), dtype=float32)","tf.Tensor(249.9368, shape=(), dtype=float32)",0.1,4.282270625779744e-08,16.96619735499267,[10.02050183 -0.11793333 -3.65307585 -0.44973846 -0.41310233]
"tf.Tensor(6.1819463, shape=(), dtype=float32)","tf.Tensor(255.3541, shape=(), dtype=float32)",0.101,7.507028568509414e-08,16.40484101978603,[10.38835962 -0.12699784 -3.76581183 -0.47596216 -0.41800895]
"tf.Tensor(6.4373, shape=(), dtype=float32)","tf.Tensor(260.72025, shape=(), dtype=float32)",0.10200000000000001,1.304156502666467e-07,15.852539177273108,[10.76294169 -0.13659077 -3.87992001 -0.50321386 -0.42285377]
"tf.Tensor(6.6980205, shape=(), dtype=float32)","tf.Tensor(266.03036, shape=(), dtype=float32)",0.10300000000000001,2.2458544090083373e-07,15.309009619090261,[11.1441797  -0.14673284 -3.99538334 -0.53151137 -0.42763661]
"tf.Tensor(6.964051, shape=(), dtype=float32)","tf.Tensor(271.27957, shape=(), dtype=float32)",0.10400000000000001,3.834779933054224e-07,14.773983601604591,[11.53200034 -0.15744512 -4.11218478 -0.56087202 -0.43235731]
"tf.Tensor(7.2353306, shape=(), dtype=float32)","tf.Tensor(276.46304, shape=(), dtype=float32)",0.105,6.494077851121629e-07,14.247204989187892,[11.92632543 -0.16874902 -4.23030719 -0.59131271 -0.43701571]
"tf.Tensor(7.5117936, shape=(), dtype=float32)","tf.Tensor(281.576, shape=(), dtype=float32)",0.106,1.0909851761151817e-06,13.728429438634448,[12.3270719  -0.18066631 -4.34973341 -0.62284986 -0.44161165]
"tf.Tensor(7.79337, shape=(), dtype=float32)","tf.Tensor(286.61368, shape=(), dtype=float32)",0.107,1.818636160848089e-06,13.217423699959127,[12.73415185 -0.19321908 -4.47044623 -0.65549935 -0.44614499]
"tf.Tensor(8.079984, shape=(), dtype=float32)","tf.Tensor(291.57144, shape=(), dtype=float32)",0.108,3.008813093588117e-06,12.713964878035556,[13.14747265 -0.20642975 -4.59242841 -0.68927655 -0.45061559]
"tf.Tensor(8.371555, shape=(), dtype=float32)","tf.Tensor(296.44464, shape=(), dtype=float32)",0.109,4.941508667784732e-06,12.217839875052032,[13.56693692 -0.22032103 -4.71566265 -0.72419629 -0.45502331]
"tf.Tensor(8.668, shape=(), dtype=float32)","tf.Tensor(301.22873, shape=(), dtype=float32)",0.11,8.058002624483531e-06,11.728844845496049,[13.99244266 -0.23491595 -4.84013162 -0.7602728  -0.45936803]
"tf.Tensor(8.969229, shape=(), dtype=float32)","tf.Tensor(305.91922, shape=(), dtype=float32)",0.111,1.3049188065913858e-05,11.246784643302492,[14.42388324 -0.25023782 -4.96581796 -0.79751975 -0.46364963]
"tf.Tensor(9.275148, shape=(), dtype=float32)","tf.Tensor(310.5117, shape=(), dtype=float32)",0.112,2.0989834853314906e-05,10.771472292037153,[14.86114756 -0.26631021 -5.09270426 -0.83595019 -0.46786798]
"tf.Tensor(9.58566, shape=(), dtype=float32)","tf.Tensor(315.0018, shape=(), dtype=float32)",0.113,3.354145134032168e-05,10.30272853058169,[15.30412005 -0.28315698 -5.22077308 -0.87557653 -0.472023  ]
"tf.Tensor(9.900661, shape=(), dtype=float32)","tf.Tensor(319.3853, shape=(), dtype=float32)",0.114,5.325699278004204e-05,9.840381442183435,[15.75268077 -0.30080222 -5.35000696 -0.91641054 -0.47611456]
"tf.Tensor(10.220047, shape=(), dtype=float32)","tf.Tensor(323.65802, shape=(), dtype=float32)",0.115,8.403593490874099e-05,9.384266054067178,[16.2067055  -0.31927027 -5.48038841 -0.95846333 -0.48014259]
"tf.Tensor(10.543705, shape=(), dtype=float32)","tf.Tensor(327.81586, shape=(), dtype=float32)",0.116,0.00013180013096383684,8.934223942240543,[16.66606584 -0.33858568 -5.6118999  -1.00174532 -0.48410698]
"tf.Tensor(10.871521, shape=(), dtype=float32)","tf.Tensor(331.85483, shape=(), dtype=float32)",0.117,0.000205492120446022,8.49010286809147,[17.13062928 -0.35877321 -5.74452387 -1.04626624 -0.48800766]
"tf.Tensor(11.203376, shape=(), dtype=float32)","tf.Tensor(335.77103, shape=(), dtype=float32)",0.11800000000000001,0.00031854191759193726,8.051756482217975,[17.60025927 -0.37985784 -5.87824276 -1.09203508 -0.49184456]
"tf.Tensor(11.539146, shape=(), dtype=float32)","tf.Tensor(339.56067, shape=(), dtype=float32)",0.11900000000000001,0.0004910110140321378,7.6190439985839955,[18.07481539 -0.4018647  -6.01303897 -1.13906013 -0.4956176 ]
"tf.Tensor(11.878707, shape=(), dtype=float32)","tf.Tensor(343.22006, shape=(), dtype=float32)",0.12,0.0007527104586595801,7.191829921162369,[18.55415339 -0.42481911 -6.14889487 -1.18734891 -0.49932672]
"tf.Tensor(12.221927, shape=(), dtype=float32)","tf.Tensor(346.74564, shape=(), dtype=float32)",0.121,0.0011477132586237755,6.769983787001628,[19.03812532 -0.44874653 -6.28579283 -1.23690819 -0.50297187]
"tf.Tensor(12.568672, shape=(), dtype=float32)","tf.Tensor(350.1339, shape=(), dtype=float32)",0.122,0.0017408532457251612,6.353379914841905,[19.52657966 -0.47367256 -6.42371519 -1.28774394 -0.50655299]
"tf.Tensor(12.918806, shape=(), dtype=float32)","tf.Tensor(353.38153, shape=(), dtype=float32)",0.123,0.002627041052261928,5.941897141350235,[20.01936139 -0.49962292 -6.56264429 -1.33986139 -0.51007004]
"tf.Tensor(13.272187, shape=(), dtype=float32)","tf.Tensor(356.4853, shape=(), dtype=float32)",0.124,0.0039445569726516425,5.535418631966029,[20.51631216 -0.52662343 -6.70256244 -1.39326491 -0.51352299]
"tf.Tensor(13.628673, shape=(), dtype=float32)","tf.Tensor(359.44208, shape=(), dtype=float32)",0.125,0.005893933436039326,5.133831688242567,[21.01727034 -0.55470002 -6.84345195 -1.4479581  -0.51691179]
"tf.Tensor(13.988114, shape=(), dtype=float32)","tf.Tensor(362.2489, shape=(), dtype=float32)",0.126,0.008764660090052986,4.737027541731369,[21.52207124 -0.58387865 -6.98529509 -1.50394372 -0.52023643]
"tf.Tensor(14.350364, shape=(), dtype=float32)","tf.Tensor(364.9029, shape=(), dtype=float32)",0.127,0.012972790137366928,4.344901181401706,[22.03054715 -0.61418538 -7.12807417 -1.5612237  -0.52349689]
"tf.Tensor(14.715266, shape=(), dtype=float32)","tf.Tensor(367.40137, shape=(), dtype=float32)",0.128,0.01911367635366145,3.957351160704783,[22.54252753 -0.64564628 -7.27177146 -1.61979911 -0.52669315]
"tf.Tensor(15.082667, shape=(), dtype=float32)","tf.Tensor(369.74173, shape=(), dtype=float32)",0.129,0.02803561933470808,3.5742794581681503,[23.05783909 -0.67828746 -7.41636923 -1.67967019 -0.5298252 ]
"tf.Tensor(15.452409, shape=(), dtype=float32)","tf.Tensor(371.9215, shape=(), dtype=float32)",0.13,0.04094230799092919,3.1955913253763706,[23.57630599 -0.71213502 -7.56184974 -1.7408363  -0.53289305]
"tf.Tensor(15.82433, shape=(), dtype=float32)","tf.Tensor(373.93842, shape=(), dtype=float32)",0.131,0.05953474886943722,2.8211951222883282,[24.09774994 -0.74721506 -7.70819527 -1.80329594 -0.53589671]
"tf.Tensor(16.198269, shape=(), dtype=float32)","tf.Tensor(375.79028, shape=(), dtype=float32)",0.132,0.08620714745376543,2.4510021876528754,[24.62199032 -0.78355363 -7.85538808 -1.86704673 -0.53883617]
"tf.Tensor(16.574059, shape=(), dtype=float32)","tf.Tensor(377.47507, shape=(), dtype=float32)",0.133,0.1243162297391846,2.0849267198884354,[25.14884439 -0.82117676 -8.00341043 -1.93208542 -0.54171146]
"tf.Tensor(16.951534, shape=(), dtype=float32)","tf.Tensor(378.9909, shape=(), dtype=float32)",0.134,0.1785501703317165,1.7228856509700456,[25.67812736 -0.8601104  -8.15224461 -1.99840785 -0.5445226 ]
"tf.Tensor(17.330524, shape=(), dtype=float32)","tf.Tensor(380.3361, shape=(), dtype=float32)",0.135,0.25543213438393336,1.3647985234708884,[26.2096526  -0.9003804  -8.30187288 -2.06600898 -0.54726963]
"tf.Tensor(17.710861, shape=(), dtype=float32)","tf.Tensor(381.50903, shape=(), dtype=float32)",0.136,0.3640051023413494,1.01058739402235,[26.74323177 -0.94201254 -8.45227753 -2.1348829  -0.54995257]
"tf.Tensor(18.092371, shape=(), dtype=float32)","tf.Tensor(382.5083, shape=(), dtype=float32)",0.137,0.516759999578125,0.6601767297064213,[27.27867494 -0.98503246 -8.60344084 -2.20502276 -0.55257146]
"tf.Tensor(18.47488, shape=(), dtype=float32)","tf.Tensor(383.3326, shape=(), dtype=float32)",0.138,0.7308892781908545,0.31349329692770667,[27.8157908  -1.02946567 -8.75534512 -2.27642083 -0.55512636]
"tf.Tensor(18.858213, shape=(), dtype=float32)","tf.Tensor(383.98087, shape=(), dtype=float32)",0.139,1.0299743819915244,-0.029533930079345766,[28.35438677 -1.07533752 -8.90797267 -2.3490685  -0.55761732]
"tf.Tensor(19.242195, shape=(), dtype=float32)","tf.Tensor(384.45212, shape=(), dtype=float32)",0.14,1.446249782058788,-0.36897384883172796,[28.89426917 -1.12267319 -9.06130583 -2.42295623 -0.56004438]
"tf.Tensor(19.626648, shape=(), dtype=float32)","tf.Tensor(384.74554, shape=(), dtype=float32)",0.14100000000000001,2.0236307810045577,-0.7048933143322911,[29.4352434  -1.17149766 -9.21532692 -2.49807359 -0.56240763]
"tf.Tensor(20.011393, shape=(), dtype=float32)","tf.Tensor(384.8605, shape=(), dtype=float32)",0.14200000000000002,2.821749875009174,-1.0373572155580981,[29.97711406 -1.22183571 -9.3700183  -2.57440926 -0.56470712]
"tf.Tensor(20.396254, shape=(), dtype=float32)","tf.Tensor(384.7965, shape=(), dtype=float32)",0.14300000000000002,3.9213208709451797,-1.3664285539189236,[30.51968514 -1.27371189 -9.52536235 -2.651951   -0.56694294]
"tf.Tensor(20.78105, shape=(), dtype=float32)","tf.Tensor(384.55325, shape=(), dtype=float32)",0.14400000000000002,5.4312457253922215,-1.6921685229918486,[31.06276016 -1.3271505  -9.68134146 -2.73068571 -0.56911516]
"tf.Tensor(21.165604, shape=(), dtype=float32)","tf.Tensor(384.13055, shape=(), dtype=float32)",0.145,7.498001842948306,-2.0146365641056754,[31.60614235 -1.38217557 -9.83793803 -2.81059937 -0.57122387]
"tf.Tensor(21.549734, shape=(), dtype=float32)","tf.Tensor(383.52838, shape=(), dtype=float32)",0.146,10.318005124257821,-2.333890439455192,[32.14963478 -1.43881086 -9.9951345  -2.89167709 -0.57326917]
"tf.Tensor(21.933262, shape=(), dtype=float32)","tf.Tensor(382.74692, shape=(), dtype=float32)",0.147,14.153844783939867,-2.649986303360587,[ 32.69304058  -1.49707983 -10.15291334  -2.9739031   -0.57525114]
"tf.Tensor(22.31601, shape=(), dtype=float32)","tf.Tensor(381.78647, shape=(), dtype=float32)",0.148,19.35554134105831,-2.962978752693422,[ 33.23616304  -1.55700562 -10.31125701  -3.05726075  -0.5771699 ]
"tf.Tensor(22.697796, shape=(), dtype=float32)","tf.Tensor(380.64752, shape=(), dtype=float32)",0.149,26.388304133133225,-3.272920886727481,[ 33.7788058   -1.61861101 -10.47014805  -3.14173254  -0.57902555]
"tf.Tensor(23.078444, shape=(), dtype=float32)","tf.Tensor(379.3307, shape=(), dtype=float32)",0.15,35.86867519440751,-3.579864357335717,[ 34.320773    -1.68191847 -10.62956897  -3.22730008  -0.58081821]
"tf.Tensor(23.457775, shape=(), dtype=float32)","tf.Tensor(377.83676, shape=(), dtype=float32)",0.151,48.611465591997884,-3.883859420613104,[ 34.86186947  -1.74695007 -10.78950236  -3.31394417  -0.58254799]
"tf.Tensor(23.835611, shape=(), dtype=float32)","tf.Tensor(376.16672, shape=(), dtype=float32)",0.152,65.69054480203619,-4.184955000400759,[ 35.40190085  -1.8137275  -10.94993082  -3.40164473  -0.58421502]
"tf.Tensor(24.211779, shape=(), dtype=float32)","tf.Tensor(374.32166, shape=(), dtype=float32)",0.153,88.51736287401046,-4.483198723437797,[ 35.94067378  -1.88227205 -11.11083697  -3.49038089  -0.58581944]
"tf.Tensor(24.5861, shape=(), dtype=float32)","tf.Tensor(372.30283, shape=(), dtype=float32)",0.154,118.9421169558724,-4.778636962639245,[ 36.47799604  -1.95260459 -11.27220349  -3.58013091  -0.58736137]
"tf.Tensor(24.958403, shape=(), dtype=float32)","tf.Tensor(370.11166, shape=(), dtype=float32)",0.155,159.38376070652458,-5.0713148835409205,[ 37.01367674  -2.02474554 -11.43401308  -3.6708723   -0.58884096]
"tf.Tensor(25.328514, shape=(), dtype=float32)","tf.Tensor(367.74973, shape=(), dtype=float32)",0.156,212.9966600833258,-5.361276485226514,[ 37.54752643  -2.09871487 -11.59624848  -3.76258173  -0.59025836]
"tf.Tensor(25.696264, shape=(), dtype=float32)","tf.Tensor(365.21875, shape=(), dtype=float32)",0.157,283.88369910467475,-5.648564644094201,[ 38.07935729  -2.17453211 -11.75889248  -3.85523511  -0.59161371]
"tf.Tensor(26.061483, shape=(), dtype=float32)","tf.Tensor(362.52063, shape=(), dtype=float32)",0.158,377.3681188299548,-5.933221153557887,[ 38.60898326  -2.25221625 -11.9219279   -3.94880756  -0.59290717]
"tf.Tensor(26.424004, shape=(), dtype=float32)","tf.Tensor(359.65738, shape=(), dtype=float32)",0.159,500.3394427231827,-6.2152867535300755,[ 39.13622024  -2.33178582 -12.08533759  -4.04327349  -0.59413891]
"tf.Tensor(26.78366, shape=(), dtype=float32)","tf.Tensor(356.6312, shape=(), dtype=float32)",0.16,661.692644512785,-6.49480116491087,[ 39.66088617  -2.41325883 -12.24910446  -4.13860652  -0.59530908]
"tf.Tensor(27.140291, shape=(), dtype=float32)","tf.Tensor(353.44437, shape=(), dtype=float32)",0.161,872.8843971320517,-6.771803126833069,[ 40.18280124  -2.49665274 -12.41321148  -4.23477959  -0.59641787]
"tf.Tensor(27.493736, shape=(), dtype=float32)","tf.Tensor(350.0994, shape=(), dtype=float32)",0.162,1148.6359945017418,-7.046330425656176,[ 40.701788    -2.58198449 -12.57764162  -4.3317649   -0.59746545]
"tf.Tensor(27.843836, shape=(), dtype=float32)","tf.Tensor(346.59888, shape=(), dtype=float32)",0.163,1507.8196223301165,-7.31841992757415,[ 41.21767155  -2.66927043 -12.74237794  -4.42953399  -0.59845199]
"tf.Tensor(28.190435, shape=(), dtype=float32)","tf.Tensor(342.94556, shape=(), dtype=float32)",0.164,1974.5733082065442,-7.588107607516121,[ 41.73027961  -2.75852636 -12.90740353  -4.52805771  -0.59937769]
"tf.Tensor(28.53338, shape=(), dtype=float32)","tf.Tensor(339.1423, shape=(), dtype=float32)",0.165,2579.7004846653285,-7.8554285799615675,[ 42.23944272  -2.84976748 -13.07270154  -4.62730628  -0.60024274]
"tf.Tensor(28.872522, shape=(), dtype=float32)","tf.Tensor(335.19214, shape=(), dtype=float32)",0.166,3362.422996967599,-8.120417123117791,[ 42.74499436  -2.9430084  -13.23825515  -4.72724926  -0.60104733]
"tf.Tensor(29.207714, shape=(), dtype=float32)","tf.Tensor(331.09824, shape=(), dtype=float32)",0.167,4372.572142502092,-8.383106705899493,[ 43.2467711   -3.03826311 -13.40404762  -4.82785562  -0.60179167]
"tf.Tensor(29.538813, shape=(), dtype=float32)","tf.Tensor(326.86383, shape=(), dtype=float32)",0.168,5673.321411103416,-8.643530012006416,[ 43.74461267  -3.13554498 -13.57006224  -4.92909372  -0.60247596]
"tf.Tensor(29.865677, shape=(), dtype=float32)","tf.Tensor(322.49234, shape=(), dtype=float32)",0.169,7344.587780301756,-8.9017189645418,[ 44.23836219  -3.23486673 -13.73628238  -5.03093138  -0.60310041]
"tf.Tensor(30.18817, shape=(), dtype=float32)","tf.Tensor(317.9873, shape=(), dtype=float32)",0.17,9487.2564479673,-9.157704750540898,[ 44.72786621  -3.33624045 -13.90269145  -5.13333583  -0.60366523]
"tf.Tensor(30.506157, shape=(), dtype=float32)","tf.Tensor(313.35233, shape=(), dtype=float32)",0.171,12228.417706990493,-9.411517842305479,[ 45.21297486  -3.43967755 -14.06927292  -5.2362738   -0.60417065]
"tf.Tensor(30.81951, shape=(), dtype=float32)","tf.Tensor(308.5912, shape=(), dtype=float32)",0.17200000000000001,15727.845511327912,-9.663188019813777,[ 45.693542    -3.54518879 -14.23601032  -5.33971151  -0.60461689]
"tf.Tensor(31.128101, shape=(), dtype=float32)","tf.Tensor(303.70773, shape=(), dtype=float32)",0.17300000000000001,20185.996252441244,-9.912744388147408,[ 46.16942526  -3.65278424 -14.40288724  -5.4436147   -0.60500418]
"tf.Tensor(31.431808, shape=(), dtype=float32)","tf.Tensor(298.70593, shape=(), dtype=float32)",0.17400000000000002,25853.86542531366,-10.160215401651792,[ 46.64048626  -3.76247326 -14.56988735  -5.54794864  -0.60533276]
"tf.Tensor(31.730515, shape=(), dtype=float32)","tf.Tensor(293.58987, shape=(), dtype=float32)",0.17500000000000002,33045.11015594644,-10.40562888141228,[ 47.10659062  -3.87426455 -14.73699435  -5.65267817  -0.60560285]
"tf.Tensor(32.024105, shape=(), dtype=float32)","tf.Tensor(288.36374, shape=(), dtype=float32)",0.176,42150.9302128793,-10.649012032293939,[ 47.56760811  -3.98816607 -14.90419203  -5.75776773  -0.6058147 ]
"tf.Tensor(32.31247, shape=(), dtype=float32)","tf.Tensor(283.03177, shape=(), dtype=float32)",0.177,53658.30101017018,-10.890391461349589,[ 48.02341276  -4.10418508 -15.07146424  -5.86318137  -0.60596857]
"tf.Tensor(32.5955, shape=(), dtype=float32)","tf.Tensor(277.59836, shape=(), dtype=float32)",0.178,68172.27232435171,-11.129793197002872,[ 48.47388293  -4.2223281  -15.23879489  -5.96888278  -0.60606469]
"tf.Tensor(32.8731, shape=(), dtype=float32)","tf.Tensor(272.06793, shape=(), dtype=float32)",0.179,86443.18899648655,-11.367242702541956,[ 48.91890142  -4.34260094 -15.40616797  -6.0748353   -0.60610333]
"tf.Tensor(33.14517, shape=(), dtype=float32)","tf.Tensor(266.44504, shape=(), dtype=float32)",0.18,109399.86046316355,-11.60276489349538,[ 49.35835554  -4.46500865 -15.57356752  -6.18100198  -0.60608474]
"tf.Tensor(33.411613, shape=(), dtype=float32)","tf.Tensor(260.73428, shape=(), dtype=float32)",0.181,138189.90670420497,-11.83638415367034,[ 49.79213723  -4.58955555 -15.74097767  -6.28734559  -0.6060092 ]
"tf.Tensor(33.672348, shape=(), dtype=float32)","tf.Tensor(254.94035, shape=(), dtype=float32)",0.182,174228.74617967106,-12.068124348039516,[ 50.22014311  -4.7162452  -15.90838261  -6.39382862  -0.60587696]
"tf.Tensor(33.927288, shape=(), dtype=float32)","tf.Tensor(249.06801, shape=(), dtype=float32)",0.183,219258.9738718571,-12.298008839257063,[ 50.64227455  -4.84508041 -16.07576661  -6.50041336  -0.60568829]
"tf.Tensor(34.176357, shape=(), dtype=float32)","tf.Tensor(243.12207, shape=(), dtype=float32)",0.184,275422.20772976393,-12.52606050011481,[ 51.05843776  -4.97606324 -16.24311402  -6.60706186  -0.60544348]
"tf.Tensor(34.41948, shape=(), dtype=float32)","tf.Tensor(237.10742, shape=(), dtype=float32)",0.185,345345.8743634295,-12.752301728198272,[ 51.46854388  -5.10919496 -16.41040924  -6.71373603  -0.60514281]
"tf.Tensor(34.656586, shape=(), dtype=float32)","tf.Tensor(231.029, shape=(), dtype=float32)",0.186,432247.8615345355,-12.976754456244775,[ 51.87250897  -5.24447609 -16.57763678  -6.82039762  -0.60478655]
"tf.Tensor(34.887615, shape=(), dtype=float32)","tf.Tensor(224.89182, shape=(), dtype=float32)",0.187,540062.5069207121,-13.199440165398405,[ 52.27025415  -5.38190638 -16.74478119  -6.92700824  -0.604375  ]
"tf.Tensor(35.112507, shape=(), dtype=float32)","tf.Tensor(218.70087, shape=(), dtype=float32)",0.188,673592.0222690423,-13.420379898415302,[ 52.66170557  -5.5214848  -16.91182714  -7.03352943  -0.60390845]
"tf.Tensor(35.331207, shape=(), dtype=float32)","tf.Tensor(212.46126, shape=(), dtype=float32)",0.189,838688.1901101399,-13.639594271688361,[ 53.04679455  -5.66320955 -17.07875934  -7.13992265  -0.60338719]
"tf.Tensor(35.543667, shape=(), dtype=float32)","tf.Tensor(206.1781, shape=(), dtype=float32)",0.19,1042470.0298656037,-13.857103483911496,[ 53.42545753  -5.80707805 -17.2455626   -7.24614932  -0.60281153]
"tf.Tensor(35.749844, shape=(), dtype=float32)","tf.Tensor(199.85654, shape=(), dtype=float32)",0.191,1293584.142655015,-14.072927328863635,[ 53.79763617  -5.95308695 -17.41222182  -7.35217086  -0.60218176]
"tf.Tensor(35.9497, shape=(), dtype=float32)","tf.Tensor(193.50175, shape=(), dtype=float32)",0.192,1602515.604755862,-14.287085205486719,[ 54.16327738  -6.1012321  -17.57872197  -7.45794871  -0.60149819]
"tf.Tensor(36.1432, shape=(), dtype=float32)","tf.Tensor(187.11894, shape=(), dtype=float32)",0.193,1981958.6443230244,-14.49959612802523,[ 54.52233331  -6.2515086  -17.7450481   -7.56344432  -0.60076114]
"tf.Tensor(36.33032, shape=(), dtype=float32)","tf.Tensor(180.71332, shape=(), dtype=float32)",0.194,2447257.9115132513,-14.710478735936206,[ 54.87476141  -6.40391076 -17.91118536  -7.66861926  -0.59997092]
"tf.Tensor(36.511032, shape=(), dtype=float32)","tf.Tensor(174.2901, shape=(), dtype=float32)",0.195,3016932.979315496,-14.919751303547587,[ 55.22052442  -6.55843213 -18.07711897  -7.77343516  -0.59912784]
"tf.Tensor(36.68532, shape=(), dtype=float32)","tf.Tensor(167.85454, shape=(), dtype=float32)",0.196,3713300.824787825,-15.127431749211512,[ 55.55959041  -6.71506546 -18.24283424  -7.8778538   -0.59823223]
"tf.Tensor(36.853176, shape=(), dtype=float32)","tf.Tensor(161.41187, shape=(), dtype=float32)",0.197,4563213.48022474,-15.333537643874267,[ 55.89193277  -6.87380275 -18.40831659  -7.9818371   -0.59728441]
"tf.Tensor(37.014587, shape=(), dtype=float32)","tf.Tensor(154.9673, shape=(), dtype=float32)",0.198,5598930.863146038,-15.538086220183,[ 56.21753023  -7.03463523 -18.57355149  -8.08534718  -0.59628471]
"tf.Tensor(37.169556, shape=(), dtype=float32)","tf.Tensor(148.5261, shape=(), dtype=float32)",0.199,6859152.026064735,-15.741094380700728,[ 56.53636683  -7.19755336 -18.73852454  -8.18834636  -0.59523347]
"tf.Tensor(37.31808, shape=(), dtype=float32)","tf.Tensor(142.09343, shape=(), dtype=float32)",0.2,8390231.795476366,-15.942578705651309,[ 56.84843194  -7.36254685 -18.90322139  -8.29079719  -0.59413101]
"tf.Tensor(37.460175, shape=(), dtype=float32)","tf.Tensor(135.67453, shape=(), dtype=float32)",0.201,10247614.055529393,-16.142555461382067,[ 57.15372025  -7.52960464 -19.06762782  -8.39266248  -0.59297767]
"tf.Tensor(37.595848, shape=(), dtype=float32)","tf.Tensor(129.27455, shape=(), dtype=float32)",0.202,12497517.806498392,-16.34104060707368,[ 57.45223171  -7.69871495 -19.23172967  -8.49390535  -0.5917738 ]
"tf.Tensor(37.725124, shape=(), dtype=float32)","tf.Tensor(122.89864, shape=(), dtype=float32)",0.203,15218917.778989965,-16.538049802678522,[ 57.74397156  -7.86986523 -19.3955129   -8.59448922  -0.59051974]
"tf.Tensor(37.848022, shape=(), dtype=float32)","tf.Tensor(116.55192, shape=(), dtype=float32)",0.20400000000000001,18505867.763654307,-16.733598416172494,[ 58.0289503   -8.0430422  -19.55896354  -8.69437786  -0.58921584]
"tf.Tensor(37.964573, shape=(), dtype=float32)","tf.Tensor(110.239456, shape=(), dtype=float32)",0.20500000000000002,22470222.13249333,-16.92770152984889,[ 58.30718359  -8.21823184 -19.72206774  -8.7935354   -0.58786245]
"tf.Tensor(38.074814, shape=(), dtype=float32)","tf.Tensor(103.96628, shape=(), dtype=float32)",0.20600000000000002,27244819.396736886,-17.120373947118377,[ 58.57869232  -8.39541944 -19.88481173  -8.89192635  -0.58645992]
"tf.Tensor(38.17878, shape=(), dtype=float32)","tf.Tensor(97.73737, shape=(), dtype=float32)",0.20700000000000002,32987201.11387956,-17.311630199165464,[ 58.84350247  -8.57458955 -20.04718184  -8.98951568  -0.58500861]
"tf.Tensor(38.276516, shape=(), dtype=float32)","tf.Tensor(91.55768, shape=(), dtype=float32)",0.20800000000000002,39883950.24960901,-17.501484551552874,[ 59.10164513  -8.755726   -20.2091645   -9.08626876  -0.58350888]
"tf.Tensor(38.368073, shape=(), dtype=float32)","tf.Tensor(85.43207, shape=(), dtype=float32)",0.209,48155745.297939956,-17.689951009919735,[ 59.35315641  -8.93881195 -20.37074624  -9.18215146  -0.5819611 ]
"tf.Tensor(38.453506, shape=(), dtype=float32)","tf.Tensor(79.36536, shape=(), dtype=float32)",0.21,58063240.372455366,-17.87704332575874,[ 59.59807742  -9.12382987 -20.53191368  -9.2771301   -0.58036562]
"tf.Tensor(38.53287, shape=(), dtype=float32)","tf.Tensor(73.36229, shape=(), dtype=float32)",0.211,69913897.18481106,-18.062775002676258,[ 59.83645417  -9.31076153 -20.69265355  -9.37117156  -0.57872282]
"tf.Tensor(38.60623, shape=(), dtype=float32)","tf.Tensor(67.42755, shape=(), dtype=float32)",0.212,84069912.46081315,-18.247159301845482,[ 60.06833751  -9.49958805 -20.85295267  -9.46424322  -0.57703307]
"tf.Tensor(38.67366, shape=(), dtype=float32)","tf.Tensor(61.565742, shape=(), dtype=float32)",0.213,100957404.4109958,-18.430209247343846,[ 60.29378311  -9.6902899  -21.01279798  -9.55631306  -0.57529674]
"tf.Tensor(38.735226, shape=(), dtype=float32)","tf.Tensor(55.781387, shape=(), dtype=float32)",0.214,121077044.36001784,-18.6119376311824,[ 60.51285131  -9.88284688 -21.17217651  -9.64734959  -0.57351421]
"tf.Tensor(38.791008, shape=(), dtype=float32)","tf.Tensor(50.078926, shape=(), dtype=float32)",0.215,145016345.10207638,-18.792357018873787,[ 60.72560712 -10.07723817 -21.3310754   -9.73732196  -0.57168585]
"tf.Tensor(38.841087, shape=(), dtype=float32)","tf.Tensor(44.462708, shape=(), dtype=float32)",0.216,173463845.81727368,-18.97147975418012,[ 60.93212005 -10.27344234 -21.48948187  -9.82619995  -0.56981206]
"tf.Tensor(38.88555, shape=(), dtype=float32)","tf.Tensor(38.936996, shape=(), dtype=float32)",0.217,207225465.6198856,-19.149317964368453,[ 61.13246412 -10.47143732 -21.64738329  -9.91395395  -0.56789321]
"tf.Tensor(38.924488, shape=(), dtype=float32)","tf.Tensor(33.505955, shape=(), dtype=float32)",0.218,247243333.24635813,-19.325883564489246,[ 61.32671768 -10.67120048 -21.80476709 -10.00055503  -0.56592969]
"tf.Tensor(38.957993, shape=(), dtype=float32)","tf.Tensor(28.173649, shape=(), dtype=float32)",0.219,294617440.7404414,-19.50118826166763,[ 61.51496337 -10.87270858 -21.96162083 -10.08597497  -0.56392189]
"tf.Tensor(38.986168, shape=(), dtype=float32)","tf.Tensor(22.944038, shape=(), dtype=float32)",0.22,350630513.7885376,-19.675243559717696,[ 61.697288   -11.07593783 -22.11793218 -10.1701862   -0.56187021]
"tf.Tensor(39.009113, shape=(), dtype=float32)","tf.Tensor(17.820976, shape=(), dtype=float32)",0.221,416776541.1484249,-19.848060763586325,[ 61.87378244 -11.28086386 -22.2736889  -10.25316192  -0.55977502]
"tf.Tensor(39.026936, shape=(), dtype=float32)","tf.Tensor(12.808204, shape=(), dtype=float32)",0.222,494793461.3791128,-20.019650983720904,[ 62.04454156 -11.48746178 -22.42887887 -10.33487603  -0.55763675]
"tf.Tensor(39.039745, shape=(), dtype=float32)","tf.Tensor(7.909346, shape=(), dtype=float32)",0.223,586700566.740454,-20.1900251398756,[ 62.20966404 -11.69570617 -22.58349009 -10.4153032   -0.55545577]
"tf.Tensor(39.047653, shape=(), dtype=float32)","tf.Tensor(3.127912, shape=(), dtype=float32)",0.224,694841253.3418577,-20.35919396498121,[ 62.36925231 -11.90557111 -22.73751065 -10.49441886  -0.55323249]
"tf.Tensor(39.05078, shape=(), dtype=float32)","tf.Tensor(-1.532711, shape=(), dtype=float32)",0.225,821931822.8347653,-20.527168008990383,[ 62.52341243 -12.11703015 -22.89092874 -10.57219925  -0.55096732]
"tf.Tensor(39.049248, shape=(), dtype=float32)","tf.Tensor(-1.5839676, shape=(), dtype=float32)",0.226,972921944.7492855,-20.69581441570863,[ 62.67225397 -12.33005641 -23.03924741 -10.64862137  -0.54866066]
"tf.Tensor(39.047665, shape=(), dtype=float32)","tf.Tensor(-1.5289698, shape=(), dtype=float32)",0.227,1154181279.7735808,-20.866657080887272,[ 62.81588984 -12.54462251 -23.18247602 -10.72368402  -0.54631291]
"tf.Tensor(39.046135, shape=(), dtype=float32)","tf.Tensor(-1.3650393, shape=(), dtype=float32)",0.228,1373947813.0439508,-21.04095404825228,[ 62.95443622 -12.76070105 -23.3206244  -10.7973866   -0.54392449]
"tf.Tensor(39.04477, shape=(), dtype=float32)","tf.Tensor(-1.089627, shape=(), dtype=float32)",0.229,1642869002.3546567,-21.21970994205882,[ 63.08801242 -12.97826464 -23.45370279 -10.86972917  -0.5414958 ]
"tf.Tensor(39.04368, shape=(), dtype=float32)","tf.Tensor(-0.7003169, shape=(), dtype=float32)",0.23,1974647501.2952776,-21.40365573901316,[ 63.21674071 -13.19728587 -23.58172188 -10.94071244  -0.53902727]
"tf.Tensor(39.042976, shape=(), dtype=float32)","tf.Tensor(-0.19482833, shape=(), dtype=float32)",0.231,2386804085.5766563,-21.593221105348903,[ 63.34074621 -13.41773735 -23.70469277 -11.01033776  -0.5365193 ]
"tf.Tensor(39.04278, shape=(), dtype=float32)","tf.Tensor(-0.19482833, shape=(), dtype=float32)",0.232,2892750346.1448784,-21.785473563380165,[ 63.46475172 -13.63818883 -23.82766366 -11.07996308  -0.53401133]
"tf.Tensor(39.042587, shape=(), dtype=float32)","tf.Tensor(-0.19482833, shape=(), dtype=float32)",0.233,3506701899.0454454,-21.977941802793698,[ 63.58875723 -13.85864031 -23.95063455 -11.1495884   -0.53150335]
"tf.Tensor(39.042393, shape=(), dtype=float32)","tf.Tensor(-0.19482833, shape=(), dtype=float32)",0.234,4243678385.6636395,-22.168696273880265,[ 63.71276274 -14.07909179 -24.07360544 -11.21921372  -0.52899538]
"tf.Tensor(39.0422, shape=(), dtype=float32)","tf.Tensor(-0.19482833, shape=(), dtype=float32)",0.23500000000000001,5119503472.5818405,-22.356323293283797,[ 63.83676825 -14.29954326 -24.19657633 -11.28883904  -0.52648741]
"tf.Tensor(39.042004, shape=(), dtype=float32)","tf.Tensor(-0.19482833, shape=(), dtype=float32)",0.23600000000000002,6150804851.52742,-22.539848780369145,[ 63.96077376 -14.51999474 -24.31954722 -11.35846436  -0.52397944]
"tf.Tensor(39.04181, shape=(), dtype=float32)","tf.Tensor(-0.19482833, shape=(), dtype=float32)",0.23700000000000002,7355014239.551229,-22.718648127034815,[ 64.08477926 -14.74044622 -24.44251811 -11.42808968  -0.52147147]
"tf.Tensor(39.041615, shape=(), dtype=float32)","tf.Tensor(-0.19482833, shape=(), dtype=float32)",0.23800000000000002,8750367378.911139,-22.892361522595813,[ 64.20878477 -14.9608977  -24.565489   -11.497715    -0.51896349]
"tf.Tensor(39.04142, shape=(), dtype=float32)","tf.Tensor(-0.19482833, shape=(), dtype=float32)",0.23900000000000002,10355904037.033365,-23.060822632380386,[ 64.33279028 -15.18134918 -24.68845989 -11.56734032  -0.51645552]
"tf.Tensor(39.041225, shape=(), dtype=float32)","tf.Tensor(-0.19482833, shape=(), dtype=float32)",0.24,12191468006.650883,-23.224002200313592,[ 64.45679579 -15.40180066 -24.81143078 -11.63696564  -0.51394755]
"tf.Tensor(39.04103, shape=(), dtype=float32)","tf.Tensor(-0.19482833, shape=(), dtype=float32)",0.241,14277707105.671392,-23.38196521413588,[ 64.5808013  -15.62225214 -24.93440167 -11.70659096  -0.51143958]
"tf.Tensor(39.040836, shape=(), dtype=float32)","tf.Tensor(-0.19482833, shape=(), dtype=float32)",0.242,16636073177.275204,-23.534839257547578,[ 64.7048068  -15.84270361 -25.05737256 -11.77621628  -0.50893161]
"tf.Tensor(39.04064, shape=(), dtype=float32)","tf.Tensor(-0.19482833, shape=(), dtype=float32)",0.243,19288822089.83446,-23.682791598745826,[ 64.82881231 -16.06315509 -25.18034345 -11.84584159  -0.50642363]
"tf.Tensor(39.040447, shape=(), dtype=float32)","tf.Tensor(-0.19482833, shape=(), dtype=float32)",0.244,22259013736.925198,-23.82601287529496,[ 64.95281782 -16.28360657 -25.30331434 -11.91546691  -0.50391566]
"tf.Tensor(39.040253, shape=(), dtype=float32)","tf.Tensor(-0.19482833, shape=(), dtype=float32)",0.245,25570512037.339355,-23.964705650974288,[ 65.07682333 -16.50405805 -25.42628523 -11.98509223  -0.50140769]
"tf.Tensor(39.04006, shape=(), dtype=float32)","tf.Tensor(-0.19482833, shape=(), dtype=float32)",0.246,29247984935.067604,-24.099076517142375,[ 65.20082884 -16.72450953 -25.54925612 -12.05471755  -0.49889972]
"tf.Tensor(39.039864, shape=(), dtype=float32)","tf.Tensor(-0.19482833, shape=(), dtype=float32)",0.247,33316904399.653313,-24.22933074475663,[ 65.32483435 -16.94496101 -25.67222701 -12.12434287  -0.49639175]
"tf.Tensor(39.03967, shape=(), dtype=float32)","tf.Tensor(-0.19482833, shape=(), dtype=float32)",0.248,37803546425.33703,-24.35566875594717,[ 65.44883985 -17.16541249 -25.7951979  -12.19396819  -0.49388377]
"tf.Tensor(39.039474, shape=(), dtype=float32)","tf.Tensor(-0.19482833, shape=(), dtype=float32)",0.249,42734991032.033,-24.478283883713733,[ 65.57284536 -17.38586397 -25.91816879 -12.26359351  -0.4913758 ]
"tf.Tensor(39.03928, shape=(), dtype=float32)","tf.Tensor(-0.19482833, shape=(), dtype=float32)",0.25,48139122264.54168,-24.597361036159246,[ 65.69685087 -17.60631544 -26.04113968 -12.33321883  -0.48886783]
"tf.Tensor(39.039085, shape=(), dtype=float32)","tf.Tensor(-0.19482833, shape=(), dtype=float32)",0.251,54044628193.15406,-24.713075990211934,[ 65.82085638 -17.82676692 -26.16411057 -12.40284415  -0.48635986]
"tf.Tensor(39.03889, shape=(), dtype=float32)","tf.Tensor(-0.19482833, shape=(), dtype=float32)",0.252,60481000913.356445,-24.825595118174075,[ 65.94486189 -18.0472184  -26.28708146 -12.47246947  -0.48385189]
"tf.Tensor(39.038696, shape=(), dtype=float32)","tf.Tensor(-0.19482833, shape=(), dtype=float32)",0.253,67478536545.50078,-24.935075407155765,[ 66.0688674  -18.26766988 -26.41005235 -12.54209479  -0.48134392]
"tf.Tensor(39.0385, shape=(), dtype=float32)","tf.Tensor(-0.19482833, shape=(), dtype=float32)",0.254,75068335235.58484,-25.04166467212431,[ 66.1928729  -18.48812136 -26.53302324 -12.61172011  -0.47883594]
"tf.Tensor(39.038307, shape=(), dtype=float32)","tf.Tensor(-0.19482833, shape=(), dtype=float32)",0.255,83282301154.70808,-25.145501892412064,[ 66.31687841 -18.70857284 -26.65599413 -12.68134543  -0.47632797]
"tf.Tensor(39.038113, shape=(), dtype=float32)","tf.Tensor(-0.19482833, shape=(), dtype=float32)",0.256,92153142499.39235,-25.246717622481786,[ 66.44088392 -18.92902432 -26.77896502 -12.75097075  -0.47382   ]
"tf.Tensor(39.037918, shape=(), dtype=float32)","tf.Tensor(-0.19482833, shape=(), dtype=float32)",0.257,101714371490.73225,-25.34543444261048,[ 66.56488943 -19.14947579 -26.90193591 -12.82059607  -0.47131203]
"tf.Tensor(39.037724, shape=(), dtype=float32)","tf.Tensor(-0.19482833, shape=(), dtype=float32)",0.258,112000304376.29681,-25.44176742588332,[ 66.68889494 -19.36992727 -27.0249068  -12.89022139  -0.46880406]
"tf.Tensor(39.03753, shape=(), dtype=float32)","tf.Tensor(-0.19482833, shape=(), dtype=float32)",0.259,123046061427.42046,-25.535824605367274,[ 66.81290045 -19.59037875 -27.14787769 -12.95984671  -0.46629608]
"tf.Tensor(39.037334, shape=(), dtype=float32)","tf.Tensor(-0.19482833, shape=(), dtype=float32)",0.26,134887566941.27689,-25.627707430911013,[ 66.93690595 -19.81083023 -27.27084858 -13.02947203  -0.46378811]
"tf.Tensor(39.03714, shape=(), dtype=float32)","tf.Tensor(-0.19482833, shape=(), dtype=float32)",0.261,147561549240.28482,-25.717511208672935,[ 67.06091146 -20.03128171 -27.39381947 -13.09909734  -0.46128014]
"tf.Tensor(39.036945, shape=(), dtype=float32)","tf.Tensor(-0.19482833, shape=(), dtype=float32)",0.262,161105540672.63513,-25.80532551929171,[ 67.18491697 -20.25173319 -27.51679036 -13.16872266  -0.45877217]
"tf.Tensor(39.03675, shape=(), dtype=float32)","tf.Tensor(-0.1426086, shape=(), dtype=float32)",0.263,175557877610.24228,-25.891234612437515,[ 67.30892248 -20.47218467 -27.63976125 -13.23834798  -0.4562642 ]
"tf.Tensor(39.03661, shape=(), dtype=float32)","tf.Tensor(0.045833543, shape=(), dtype=float32)",0.264,191190923734.89224,-25.976538366431182,[ 67.43302481 -20.69440425 -27.76014217 -13.30673382  -0.45640702]
"tf.Tensor(39.036655, shape=(), dtype=float32)","tf.Tensor(0.36865312, shape=(), dtype=float32)",0.265,208351033054.18646,-26.062490153066015,[ 67.55734849 -20.91837118 -27.87792155 -13.37387362  -0.45920088]
"tf.Tensor(39.037025, shape=(), dtype=float32)","tf.Tensor(0.8238609, shape=(), dtype=float32)",0.266,227500491768.3107,-26.150418236954028,[ 67.68201622 -21.14406454 -27.99308806 -13.43976095  -0.46464576]
"tf.Tensor(39.03785, shape=(), dtype=float32)","tf.Tensor(1.8568077, shape=(), dtype=float32)",0.267,248952291993.72058,-26.240527116635004,[ 67.80656631 -21.370409   -28.10733528 -13.50408556  -0.47002199]
"tf.Tensor(39.039707, shape=(), dtype=float32)","tf.Tensor(3.0129108, shape=(), dtype=float32)",0.268,273049860910.44278,-26.332920256152182,[ 67.93111788 -21.59738037 -28.22065667 -13.56685337  -0.47532937]
"tf.Tensor(39.04272, shape=(), dtype=float32)","tf.Tensor(4.2891397, shape=(), dtype=float32)",0.269,300169304053.5163,-26.427612499263873,[ 68.05578726 -21.82495458 -28.3330458  -13.628071    -0.48056771]
"tf.Tensor(39.04701, shape=(), dtype=float32)","tf.Tensor(5.682343, shape=(), dtype=float32)",0.27,330721790605.9769,-26.524543347130987,[ 68.18068786 -22.05310774 -28.44449635 -13.68774575  -0.48573685]
"tf.Tensor(39.052692, shape=(), dtype=float32)","tf.Tensor(7.189251, shape=(), dtype=float32)",0.271,365156095280.73334,-26.623590757412533,[ 68.30593011 -22.28181613 -28.55500214 -13.74588557  -0.4908366 ]
"tf.Tensor(39.059883, shape=(), dtype=float32)","tf.Tensor(8.806479, shape=(), dtype=float32)",0.272,403961312897.17664,-26.72458495016676,[ 68.43162126 -22.51105621 -28.66455708 -13.80249904  -0.49586682]
"tf.Tensor(39.06869, shape=(), dtype=float32)","tf.Tensor(10.530532, shape=(), dtype=float32)",0.273,447669762986.05164,-26.82732166135108,[ 68.55786532 -22.74080465 -28.77315523 -13.85759539  -0.50082734]
"tf.Tensor(39.079224, shape=(), dtype=float32)","tf.Tensor(12.357805, shape=(), dtype=float32)",0.274,496860103242.3268,-26.931574341009625,[ 68.68476293 -22.97103833 -28.88079072 -13.91118443  -0.50571801]
"tf.Tensor(39.091583, shape=(), dtype=float32)","tf.Tensor(14.284593, shape=(), dtype=float32)",0.275,552160671873.9012,-27.03710491310553,[ 68.81241127 -23.20173434 -28.98745785 -13.96327654  -0.5105387 ]
"tf.Tensor(39.10587, shape=(), dtype=float32)","tf.Tensor(16.307087, shape=(), dtype=float32)",0.276,614253079947.4796,-27.14367286249464,[ 68.94090391 -23.43287003 -29.093151   -14.01388268  -0.51528927]
"tf.Tensor(39.122177, shape=(), dtype=float32)","tf.Tensor(18.421385, shape=(), dtype=float32)",0.277,683876075936.6107,-27.25104256262342,[ 69.07033079 -23.66442296 -29.19786469 -14.06301433  -0.5199696 ]
"tf.Tensor(39.1406, shape=(), dtype=float32)","tf.Tensor(20.62349, shape=(), dtype=float32)",0.278,761829705355.9675,-27.358988883872016,[ 69.20077802 -23.89637098 -29.30159353 -14.11068349  -0.52457956]
"tf.Tensor(39.16122, shape=(), dtype=float32)","tf.Tensor(22.90932, shape=(), dtype=float32)",0.279,848979789269.8151,-27.4673012176385,[ 69.33232788 -24.12869216 -29.40433228 -14.15690266  -0.52911905]
"tf.Tensor(39.18413, shape=(), dtype=float32)","tf.Tensor(25.27471, shape=(), dtype=float32)",0.28,946262745653.1587,-27.575786111254022,[ 69.4650587  -24.36136489 -29.50607579 -14.2016848   -0.53358795]
"tf.Tensor(39.209408, shape=(), dtype=float32)","tf.Tensor(27.71541, shape=(), dtype=float32)",0.281,1054690777924.1707,-27.684268738400263,[ 69.59904474 -24.5943678  -29.60681905 -14.24504332  -0.53798618]
"tf.Tensor(39.23712, shape=(), dtype=float32)","tf.Tensor(30.2271, shape=(), dtype=float32)",0.28200000000000003,1175357454921.8152,-27.79259343421481,[ 69.73435617 -24.82767983 -29.70655715 -14.28699206  -0.54231364]
"tf.Tensor(39.26735, shape=(), dtype=float32)","tf.Tensor(32.80539, shape=(), dtype=float32)",0.28300000000000003,1309443706167.1008,-27.900623511170668,[ 69.87105896 -25.06128023 -29.80528531 -14.32754526  -0.54657025]
"tf.Tensor(39.300156, shape=(), dtype=float32)","tf.Tensor(35.44582, shape=(), dtype=float32)",0.28400000000000003,1458224256006.4817,-28.008240548391395,[ 70.00921481 -25.29514851 -29.90299885 -14.36671753  -0.55075593]
"tf.Tensor(39.3356, shape=(), dtype=float32)","tf.Tensor(38.14387, shape=(), dtype=float32)",0.28500000000000003,1623074519113.137,-28.115343317832806,[ 70.1488811  -25.52926454 -29.99969322 -14.40452383  -0.55487061]
"tf.Tensor(39.373745, shape=(), dtype=float32)","tf.Tensor(40.89497, shape=(), dtype=float32)",0.28600000000000003,1805477978527.9512,-28.221846480706656,[ 70.29011081 -25.76360848 -30.09536398 -14.44097947  -0.55891423]
"tf.Tensor(39.41464, shape=(), dtype=float32)","tf.Tensor(43.694485, shape=(), dtype=float32)",0.28700000000000003,2007034066133.5132,-28.32767915925765,[ 70.43295247 -25.99816082 -30.19000682 -14.47610005  -0.56288674]
"tf.Tensor(39.458332, shape=(), dtype=float32)","tf.Tensor(46.537743, shape=(), dtype=float32)",0.28800000000000003,2229466563960.6313,-28.43278346379928,[ 70.57745013 -26.23290237 -30.28361754 -14.50990145  -0.56678808]
"tf.Tensor(39.50487, shape=(), dtype=float32)","tf.Tensor(49.42002, shape=(), dtype=float32)",0.289,2474632541898.5933,-28.53711303300699,[ 70.72364327 -26.4678143  -30.37619204 -14.54239981  -0.57061822]
"tf.Tensor(39.55429, shape=(), dtype=float32)","tf.Tensor(52.336567, shape=(), dtype=float32)",0.29,2744531846029.6733,-28.640631628450624,[ 70.87156678 -26.70287809 -30.46772635 -14.5736115   -0.57437712]
"tf.Tensor(39.60663, shape=(), dtype=float32)","tf.Tensor(55.282593, shape=(), dtype=float32)",0.291,3041317147868.3247,-28.743311809836435,[ 71.02125094 -26.93807557 -30.55821662 -14.60355308  -0.57806476]
"tf.Tensor(39.66191, shape=(), dtype=float32)","tf.Tensor(58.25328, shape=(), dtype=float32)",0.292,3367304562933.7544,-28.845133707298434,[ 71.17272136 -27.17338892 -30.64765912 -14.63224133  -0.5816811 ]
"tf.Tensor(39.720165, shape=(), dtype=float32)","tf.Tensor(61.24379, shape=(), dtype=float32)",0.293,3724984843406.72,-28.94608389886769,[ 71.32599893 -27.40880066 -30.73605022 -14.65969316  -0.58522614]
"tf.Tensor(39.78141, shape=(), dtype=float32)","tf.Tensor(64.24926, shape=(), dtype=float32)",0.294,4117035145887.973,-29.046154395451307,[ 71.48109988 -27.64429367 -30.8233864  -14.6859256   -0.58869987]
"tf.Tensor(39.84566, shape=(), dtype=float32)","tf.Tensor(67.264824, shape=(), dtype=float32)",0.295,4546331372330.047,-29.145341731867752,[ 71.63803567 -27.87985118 -30.90966429 -14.71095581  -0.5921023 ]
"tf.Tensor(39.912926, shape=(), dtype=float32)","tf.Tensor(70.2856, shape=(), dtype=float32)",0.296,5015961077170.94,-29.2436461594944,[ 71.79681303 -28.11545676 -30.9948806  -14.73480102  -0.59543341]
"tf.Tensor(39.98321, shape=(), dtype=float32)","tf.Tensor(73.3067, shape=(), dtype=float32)",0.297,5529236930849.971,-29.341070934753613,[ 71.95743394 -28.35109436 -31.07903218 -14.75747853  -0.59869324]
"tf.Tensor(40.05652, shape=(), dtype=float32)","tf.Tensor(76.32326, shape=(), dtype=float32)",0.298,6089710724855.044,-29.43762169649839,[ 72.1198956  -28.58674825 -31.16211597 -14.77900566  -0.6018818 ]
"tf.Tensor(40.132843, shape=(), dtype=float32)","tf.Tensor(79.33039, shape=(), dtype=float32)",0.299,6701187899824.435,-29.53330592509121,[ 72.28419047 -28.82240309 -31.24412904 -14.79939973  -0.60499911]
"tf.Tensor(40.212173, shape=(), dtype=float32)","tf.Tensor(82.323235, shape=(), dtype=float32)",0.3,7367742573103.77,-29.62813247576736,[ 72.45030628 -29.05804388 -31.32506857 -14.81867806  -0.6080452 ]
"tf.Tensor(40.2945, shape=(), dtype=float32)","tf.Tensor(85.29695, shape=(), dtype=float32)",0.301,8093733038108.843,-29.72211117914849,[ 72.618226   -29.29365596 -31.40493186 -14.83685793  -0.61102013]
"tf.Tensor(40.379795, shape=(), dtype=float32)","tf.Tensor(88.24671, shape=(), dtype=float32)",0.302,8883817704192.172,-29.81525250218606,[ 72.78792787 -29.52922505 -31.48371632 -14.85395654  -0.61392392]
"tf.Tensor(40.46804, shape=(), dtype=float32)","tf.Tensor(91.16772, shape=(), dtype=float32)",0.303,9742971439511.875,-29.907567262982038,[ 72.95938546 -29.76473718 -31.56141947 -14.86999101  -0.61675664]
"tf.Tensor(40.559208, shape=(), dtype=float32)","tf.Tensor(94.05521, shape=(), dtype=float32)",0.304,10676502277930.086,-29.999066393753612,[ 73.13256764 -30.00017877 -31.63803895 -14.88497835  -0.61951835]
"tf.Tensor(40.653263, shape=(), dtype=float32)","tf.Tensor(96.90445, shape=(), dtype=float32)",0.305,11690068444410.67,-30.08976074634925,[ 73.30743866 -30.23553656 -31.7135725  -14.89893542  -0.6222091 ]
"tf.Tensor(40.750168, shape=(), dtype=float32)","tf.Tensor(99.710754, shape=(), dtype=float32)",0.306,12789695650481.082,-30.179660935339463,[ 73.48395814 -30.47079763 -31.78801798 -14.91187894  -0.62482897]
"tf.Tensor(40.84988, shape=(), dtype=float32)","tf.Tensor(102.46948, shape=(), dtype=float32)",0.307,13981794608575.281,-30.268777214207635,[ 73.66208115 -30.70594939 -31.86137338 -14.92382545  -0.62737804]
"tf.Tensor(40.95235, shape=(), dtype=float32)","tf.Tensor(105.17604, shape=(), dtype=float32)",0.308,15273178708649.4,-30.357119380401024,[ 73.84175825 -30.94097961 -31.93363677 -14.93479125  -0.62985639]
"tf.Tensor(41.057526, shape=(), dtype=float32)","tf.Tensor(107.8259, shape=(), dtype=float32)",0.309,16671081799405.656,-30.444696705571005,[ 74.02293551 -31.17587636 -32.00480635 -14.94479246  -0.63226411]
"tf.Tensor(41.16535, shape=(), dtype=float32)","tf.Tensor(110.41457, shape=(), dtype=float32)",0.31,18183176011599.566,-30.53151788752773,[ 74.20555459 -31.41062804 -32.07488043 -14.95384493  -0.6346013 ]
"tf.Tensor(41.27577, shape=(), dtype=float32)","tf.Tensor(112.93766, shape=(), dtype=float32)",0.311,19817589561553.824,-30.617591020963964,[ 74.38955281 -31.64522337 -32.14385742 -14.96196424  -0.63686806]
"tf.Tensor(41.388706, shape=(), dtype=float32)","tf.Tensor(115.390816, shape=(), dtype=float32)",0.312,21582924467857.504,-30.702923584086484,[ 74.57486318 -31.87965139 -32.21173586 -14.96916568  -0.63906451]
"tf.Tensor(41.504097, shape=(), dtype=float32)","tf.Tensor(117.76977, shape=(), dtype=float32)",0.313,23488274114793.477,-30.787522438711214,[ 74.76141451 -32.1139014  -32.27851439 -14.97546423  -0.64119075]
"tf.Tensor(41.62187, shape=(), dtype=float32)","tf.Tensor(120.07033, shape=(), dtype=float32)",0.314,25543240593859.94,-30.871393841563837,[ 74.94913144 -32.34796306 -32.34419175 -14.98087455  -0.6432469 ]
"tf.Tensor(41.74194, shape=(), dtype=float32)","tf.Tensor(122.28839, shape=(), dtype=float32)",0.315,27757951755032.594,-30.954543464804363,[ 75.13793455 -32.58182626 -32.40876681 -14.98541094  -0.6452331 ]
"tf.Tensor(41.864227, shape=(), dtype=float32)","tf.Tensor(124.41994, shape=(), dtype=float32)",0.316,30143077898727.88,-31.036976423976963,[ 75.32774044 -32.81548122 -32.47223852 -14.98908734  -0.64714948]
"tf.Tensor(41.988647, shape=(), dtype=float32)","tf.Tensor(126.46103, shape=(), dtype=float32)",0.317,32709848040912.145,-31.11869731182183,[ 75.51846178 -33.0489184  -32.53460597 -14.99191729  -0.64899617]
"tf.Tensor(42.11511, shape=(), dtype=float32)","tf.Tensor(128.40784, shape=(), dtype=float32)",0.318,35470065683936.09,-31.199710236529,[ 75.71000745 -33.28212853 -32.59586834 -14.99391393  -0.65077333]
"tf.Tensor(42.243515, shape=(), dtype=float32)","tf.Tensor(130.2566, shape=(), dtype=float32)",0.319,38436124027934.43,-31.2800188632073,[ 75.90228261 -33.51510262 -32.65602493 -14.99508999  -0.6524811 ]
"tf.Tensor(42.37377, shape=(), dtype=float32)","tf.Tensor(132.00372, shape=(), dtype=float32)",0.32,41621020559482.32,-31.359626457484378,[ 76.09518879 -33.74783189 -32.71507512 -14.99545775  -0.65411964]
"tf.Tensor(42.505775, shape=(), dtype=float32)","tf.Tensor(133.64565, shape=(), dtype=float32)",0.321,45038370959515.26,-31.438535930356217,[ 76.28862401 -33.98030782 -32.77301844 -14.99502903  -0.65568911]
"tf.Tensor(42.63942, shape=(), dtype=float32)","tf.Tensor(135.17896, shape=(), dtype=float32)",0.322,48702422271532.03,-31.516749883415322,[ 76.48248286 -34.21252212 -32.82985448 -14.99381519  -0.65718968]
"tf.Tensor(42.774597, shape=(), dtype=float32)","tf.Tensor(136.60034, shape=(), dtype=float32)",0.323,52628065280793.68,-31.5942706538508,[ 76.67665665 -34.4444667  -32.88558298 -14.99182709  -0.65862153]
"tf.Tensor(42.911198, shape=(), dtype=float32)","tf.Tensor(137.90662, shape=(), dtype=float32)",0.324,56830846058921.19,-31.671100358667164,[ 76.87103347 -34.67613369 -32.94020374 -14.98907512  -0.65998483]
"tf.Tensor(43.049103, shape=(), dtype=float32)","tf.Tensor(139.09471, shape=(), dtype=float32)",0.325,61326976631995.55,-31.747240937628597,[ 77.06549836 -34.90751542 -32.99371671 -14.98556912  -0.66127977]
"tf.Tensor(43.188198, shape=(), dtype=float32)","tf.Tensor(140.16168, shape=(), dtype=float32)",0.326,66133344740321.79,-31.8226941945959,[ 77.25993339 -35.13860439 -33.04612192 -14.98131844  -0.66250654]
"tf.Tensor(43.32836, shape=(), dtype=float32)","tf.Tensor(141.1047, shape=(), dtype=float32)",0.327,71267522666303.92,-31.897461836999604,[ 77.45421781 -35.36939328 -33.0974195  -14.97633185  -0.66366534]
"tf.Tensor(43.469467, shape=(), dtype=float32)","tf.Tensor(141.9211, shape=(), dtype=float32)",0.328,76747775111798.1,-31.971545513204312,[ 77.64822813 -35.59987494 -33.14760969 -14.97061761  -0.66475637]
"tf.Tensor(43.61139, shape=(), dtype=float32)","tf.Tensor(142.60829, shape=(), dtype=float32)",0.329,82593066124118.55,-32.044946847703294,[ 77.84183833 -35.83004236 -33.19669285 -14.96418339  -0.66577984]
"tf.Tensor(43.753998, shape=(), dtype=float32)","tf.Tensor(143.16386, shape=(), dtype=float32)",0.33,88823065074307.6,-32.11766747402739,[ 78.0349199  -36.05988867 -33.24466941 -14.95703631  -0.66673596]
"tf.Tensor(43.897163, shape=(), dtype=float32)","tf.Tensor(143.58553, shape=(), dtype=float32)",0.331,95458151709658.9,-32.18970906538358,[ 78.22734202 -36.28940713 -33.29153993 -14.9491829   -0.66762494]
"tf.Tensor(44.04075, shape=(), dtype=float32)","tf.Tensor(143.87112, shape=(), dtype=float32)",0.332,102519420316758.81,-32.261073363065464,[ 78.41897173 -36.51859112 -33.33730505 -14.9406291   -0.66844702]
"tf.Tensor(44.18462, shape=(), dtype=float32)","tf.Tensor(144.01865, shape=(), dtype=float32)",0.333,110028683043030.33,-32.331762202666944,[ 78.60967398 -36.7474341  -33.38196554 -14.93138025  -0.66920242]
"tf.Tensor(44.32864, shape=(), dtype=float32)","tf.Tensor(144.02625, shape=(), dtype=float32)",0.334,118008472453211.69,-32.40177753826763,[ 78.79931186 -36.97592965 -33.42552223 -14.9214411   -0.66989137]
"tf.Tensor(44.472668, shape=(), dtype=float32)","tf.Tensor(143.8922, shape=(), dtype=float32)",0.335,126482043409999.36,-32.471121464692295,[ 78.98774668 -37.20407139 -33.4679761  -14.91081577  -0.67051412]
"tf.Tensor(44.616558, shape=(), dtype=float32)","tf.Tensor(143.61491, shape=(), dtype=float32)",0.336,135473374398325.7,-32.53979623803452,[ 79.17483816 -37.43185304 -33.50932817 -14.89950779  -0.6710709 ]
"tf.Tensor(44.760174, shape=(), dtype=float32)","tf.Tensor(143.193, shape=(), dtype=float32)",0.337,145007168433374.5,-32.60780429459868,[ 79.36044454 -37.65926834 -33.54957962 -14.88752004  -0.67156198]
"tf.Tensor(44.903366, shape=(), dtype=float32)","tf.Tensor(142.62517, shape=(), dtype=float32)",0.338,155108853736220.78,-32.67514826853223,[ 79.54442277 -37.88631109 -33.58873168 -14.8748548   -0.6719876 ]
"tf.Tensor(45.04599, shape=(), dtype=float32)","tf.Tensor(141.91031, shape=(), dtype=float32)",0.339,165804584374966.75,-32.741831008277444,[ 79.72662861 -38.11297509 -33.62678571 -14.8615137   -0.67234802]
"tf.Tensor(45.1879, shape=(), dtype=float32)","tf.Tensor(141.04745, shape=(), dtype=float32)",0.34,177121241128425.0,-32.80785559213863,[ 79.90691682 -38.33925417 -33.66374314 -14.84749775  -0.6726435 ]
"tf.Tensor(45.32895, shape=(), dtype=float32)","tf.Tensor(140.0358, shape=(), dtype=float32)",0.341,189086432859156.4,-32.873225343165885,[ 80.08514131 -38.56514216 -33.69960552 -14.83280733  -0.67287432]
"tf.Tensor(45.468987, shape=(), dtype=float32)","tf.Tensor(138.87468, shape=(), dtype=float32)",0.342,201728498740703.12,-32.93794384362327,[ 80.26115525 -38.79063285 -33.73437449 -14.8174422   -0.67304076]
"tf.Tensor(45.60786, shape=(), dtype=float32)","tf.Tensor(137.56361, shape=(), dtype=float32)",0.343,215076511731735.62,-33.00201494926973,[ 80.4348113  -39.01572002 -33.76805177 -14.80140144  -0.67314308]
"tf.Tensor(45.745422, shape=(), dtype=float32)","tf.Tensor(136.10225, shape=(), dtype=float32)",0.34400000000000003,229160283750511.1,-33.06544280368823,[ 80.60596171 -39.24039741 -33.8006392  -14.78468355  -0.67318157]
"tf.Tensor(45.881523, shape=(), dtype=float32)","tf.Tensor(134.4904, shape=(), dtype=float32)",0.34500000000000003,244010373080325.5,-33.1282318529424,[ 80.77445848 -39.46465868 -33.83213869 -14.76728638  -0.67315653]
"tf.Tensor(46.016014, shape=(), dtype=float32)","tf.Tensor(132.72804, shape=(), dtype=float32)",0.34600000000000003,259658094602119.78,-33.190386860784436,[ 80.94015353 -39.68849745 -33.86255227 -14.74920713  -0.67306824]
"tf.Tensor(46.148743, shape=(), dtype=float32)","tf.Tensor(130.81529, shape=(), dtype=float32)",0.34700000000000003,276135533545050.4,-33.251912924682465,[ 81.10289886 -39.91190725 -33.89188203 -14.73044239  -0.67291701]
"tf.Tensor(46.279556, shape=(), dtype=float32)","tf.Tensor(128.75246, shape=(), dtype=float32)",0.34800000000000003,293475563529032.7,-33.312815492885626,[ 81.2625467  -40.13488149 -33.92013018 -14.71098815  -0.67270313]
"tf.Tensor(46.40831, shape=(), dtype=float32)","tf.Tensor(126.53997, shape=(), dtype=float32)",0.34900000000000003,311711869779878.0,-33.3731003827592,[ 81.41894967 -40.3574135  -33.94729901 -14.69083975  -0.67242691]
"tf.Tensor(46.53485, shape=(), dtype=float32)","tf.Tensor(124.17844, shape=(), dtype=float32)",0.35000000000000003,330878978523248.06,-33.4327738006521,[ 81.57196092 -40.57949647 -33.9733909  -14.66999192  -0.67208867]
det_fi_10,log_det_10
0.0,inf
2.756296263173714e-18,40.43264382899574
0.021120536684623183,3.8575094092631863
18.18904765447004,-2.900819635715239
25794.194270253145,-10.157904717302284
